-- phpMyAdmin SQL Dump
-- version 5.2.0
-- https://www.phpmyadmin.net/
--
-- Máy chủ: 127.0.0.1:3307
-- Thời gian đã tạo: Th2 25, 2023 lúc 02:06 AM
-- Phiên bản máy phục vụ: 10.4.27-MariaDB
-- Phiên bản PHP: 8.2.0

SET SQL_MODE = "NO_AUTO_VALUE_ON_ZERO";
START TRANSACTION;
SET time_zone = "+00:00";


/*!40101 SET @OLD_CHARACTER_SET_CLIENT=@@CHARACTER_SET_CLIENT */;
/*!40101 SET @OLD_CHARACTER_SET_RESULTS=@@CHARACTER_SET_RESULTS */;
/*!40101 SET @OLD_COLLATION_CONNECTION=@@COLLATION_CONNECTION */;
/*!40101 SET NAMES utf8mb4 */;

--
-- Cơ sở dữ liệu: `btth01_cse485`
--
CREATE DATABASE IF NOT EXISTS `btth01_cse485` DEFAULT CHARACTER SET utf8mb4 COLLATE utf8mb4_unicode_ci;
USE `btth01_cse485`;

-- --------------------------------------------------------

--
-- Cấu trúc bảng cho bảng `baiviet`
--

CREATE TABLE `baiviet` (
  `ma_bviet` int(10) UNSIGNED NOT NULL,
  `tieude` varchar(200) NOT NULL,
  `ten_bhat` varchar(100) NOT NULL,
  `ma_tloai` int(10) UNSIGNED NOT NULL,
  `tomtat` text NOT NULL,
  `noidung` text DEFAULT NULL,
  `ma_tgia` int(10) UNSIGNED NOT NULL,
  `ngayviet` datetime NOT NULL DEFAULT current_timestamp(),
  `hinhanh` varchar(200) DEFAULT NULL
) ENGINE=InnoDB DEFAULT CHARSET=utf8mb4 COLLATE=utf8mb4_unicode_ci;

--
-- Đang đổ dữ liệu cho bảng `baiviet`
--

INSERT INTO `baiviet` (`ma_bviet`, `tieude`, `ten_bhat`, `ma_tloai`, `tomtat`, `noidung`, `ma_tgia`, `ngayviet`, `hinhanh`) VALUES
(1, 'Lòng mẹ', 'Lòng mẹ', 2, 'Và mẹ ơi đừng khóc nhé! Cả đời này mẹ đã khóc nhiều lắm rồi, hãy cười lên vì con đã trưởng thành! Con sẽ lại về dậy sớm nấu cơm cho mẹ, nấu nước cho mẹ tắm như ngày xưa. “Dù cho vai nắng nhưng lòng thương chẳng nhạt màu, vẫn mơ quay về vui vầy dưới bóng mẹ yêu”', NULL, 1, '2012-07-23 00:00:00', 'images/songs/longme.jpg'),
(2, 'Cảm ơn em đã rời xa anh', 'Vết mưa', 2, 'Cảm ơn em đã cho anh những tháng ngày hạnh phúc, cho anh biết yêu và được yêu. Em cho anh được nếm trải hương vị ngọt ngào của tình yêu nhưng cũng đầy đau khổ và nước mắt. Những tháng ngày đó có lẽ suốt cuộc đời anh không bao giờ quên', NULL, 3, '2012-02-12 00:00:00', 'images/songs/vetmua.jpg'),
(3, 'Cuộc đời có mấy ngày mai?', 'Phôi pha', 2, 'Đêm nay, trời quang mây tạnh, trong người nghe hoang vắng và tôi ngồi đây “Ôm lòng đêm, Nhìn vầng trăng mới về” mà ngậm ngùi “Nhớ chân giang hồ. Ôi phù du, từng tuổi xuân đã già”', NULL, 4, '2014-03-13 00:00:00', 'images/songs/phoipha.jpg'),
(4, 'Quê tôi!', 'Quê hương', 5, 'Quê hương là gì mà chở đầy kí ức nhỏ xinh. Có đám trẻ nô đùa bên nhau dưới gốc ổi nhà bà Năm giữa trưa nắng gắt chỉ để chờ bà đi vắng là hái trộm. Có hai anh em tôi bì bõm lội sình bắt cua đem về nhà cho mẹ nấu canh, nấu cháo… Có ba chị em tôi lục đục tự nấu ăn khi mẹ vắng nhà. Có anh tôi luôn dắt tôi đi cùng đường ngõ xóm chỉ để em được vui. Có cả những trận cãi nhau nảy lửa của ba anh em nữa…', NULL, 5, '2014-02-20 00:00:00', 'images/songs/quehuong.jpg'),
(5, 'Đất nước', 'Đất nước', 5, 'Đã bao nhiêu lần tôi tự hỏi: liệu trên Thế giới này có nơi nào chiến tranh tang thương mà lại rất đổi anh hùng như nước mình không? Liệu có mảnh đất nào mà mỗi tấc đất hôm nay đã thấm máu xương của những thế hệ đi trước nhiều như nước mình không? Và, liệu có một đất nước nào lại có nhiều bà mẹ đau khổ nhưng cũng hết sức gan góc như đất nước mình không?', NULL, 1, '2010-05-25 00:00:00', 'images/songs/datnuoc.jpg'),
(6, 'Hard Rock Hallelujah', 'Hard Rock Hallelujah', 7, 'Những linh hồn đang lạc lối, mù quáng mất phương hướng trong cõi trần gian đầy nghiệt ngã hãy nên lắng nghe \"Hard Rock Hallelujah\" để có thể quên tất cả mọi thứ để tìm về đúng bản chất sâu thẳm nhất trong tâm hồn chính mình!', NULL, 6, '2013-09-12 00:00:00', 'images/songs/hardrock.jpg'),
(7, 'The Unforgiven', 'The Unforgiven', 7, 'Lâu lắm rồi mới nghe lại The Unforgiven II, vì bài này không phải là bài mà tôi thích. Anh bạn tôi lúc trước, đi đâu cũng nghêu ngao bài này ấy, chỉ tại vì hắn đang... thất tình mà lị. Mà sao Metallica có The Unforgiven rồi lại có thêm bài này chi nữa vậy không biết nữa, làm cho tôi cảm thấy hình như hơi bị đúng so với tâm trạng của tôi lúc này.', NULL, 1, '2010-05-25 00:00:00', 'images/songs/TheUnforgiven.jpg'),
(8, 'Nơi tình yêu bắt đầu', 'Nơi tình yêu bắt đầu', 1, 'Nhiều người sẽ nghĩ làm gì có yêu nhất và làm gì có yêu mãi. Ừ! Chẳng có gì là mãi mãi cả, vì chúng ta không trường tồn vĩnh cửu', NULL, 1, '2014-02-03 00:00:00', 'images/songs/noitinhyeubatdau.jpg'),
(9, 'Love Me Like There’s No Tomorrow', 'Love Me Like There’s No Tomorrow', 8, 'Nếu ai đã từng yêu Queen, yêu cái chất giọng cao, sắc sảo như một vết cắt thật ngọt ẩn giấu bao cảm xúc mãnh liệt của Freddie chắc không thể không \"điêu đứng\" mỗi khi nghe Love Me Like There’s No Tomorrow.', NULL, 1, '2013-02-26 00:00:00', 'images/songs/loveme.jpg'),
(10, 'I\'m stronger', 'I\'m stronger', 7, 'Em không phải là người giỏi giấu cảm xúc, nhưng em lại là người giỏi đoán biết cảm xúc của người khác vậy nên đừng cố nói nhớ em, rằng mọi thứ chỉ là do hoàn cảnh. Và cũng đừng dối em rằng anh đã từng yêu em. Em nhắm mắt cũng cảm nhận được mà, thật đấy', NULL, 2, '2013-08-21 00:00:00', 'images/songs/stronger.jpg'),
(11, 'Ôi Cuộc Sống Mến Thương', 'Ôi Cuộc Sống Mến Thương', 5, 'Có một câu nói như thế này \"Âm nhạc là một cái gì khác lạ mà hầu như tôi muốn nói nó là một phép thần diệu.Vì nó đứng giữa tư tưởng và hiện tượng, tinh thần và vật chất, mọi thứ trung gian mơ hồ thế đó mà không là thế đó giữa các sự vật mà âm nhạc hòa giải\"', NULL, 2, '2011-10-09 00:00:00', 'images/songs/csmt.jpg'),
(12, 'Cây và gió', 'Cây và gió', 7, 'Em và anh, hai đứa quen nhau thật tình cờ. Lời hát của anh từ bài hát “Cây và gió” đã làm tâm hồn em xao động. Nhưng sự thật phũ phàng rằng em chưa bao giờ nói cho anh biết những suy nghĩ tận sâu trong tim mình. Bởi vì em nhút nhát, em không dám đối mặt với thực tế khắc nghiệt, hay thực ra em không dám đối diện với chính mình.', NULL, 7, '2013-12-05 00:00:00', 'images/songs/cayvagio.jpg'),
(13, 'Như một cách tạ ơn đời', 'Người thầy', 2, 'Ánh nắng cuối ngày rồi cũng sẽ tắt, dòng sông con đò rồi cũng sẽ rẽ sang một hướng khác. Nhưng việc trồng người luôn cảm thụ với chuyến đò ngang, cứ tần tảo đưa rồi lặng lẽ quay về đưa sang. Con đò năm xưa của Thầy nặng trĩu yêu thương, hy sinh thầm lặng.', NULL, 8, '2014-01-02 00:00:00', 'images/songs/nguoithay.jpg');

-- --------------------------------------------------------

--
-- Cấu trúc bảng cho bảng `tacgia`
--

CREATE TABLE `tacgia` (
  `ma_tgia` int(10) UNSIGNED NOT NULL,
  `ten_tgia` varchar(100) NOT NULL,
  `hinh_tgia` varchar(100) DEFAULT NULL
) ENGINE=InnoDB DEFAULT CHARSET=utf8mb4 COLLATE=utf8mb4_unicode_ci;

--
-- Đang đổ dữ liệu cho bảng `tacgia`
--

INSERT INTO `tacgia` (`ma_tgia`, `ten_tgia`, `hinh_tgia`) VALUES
(1, 'Nhacvietplus', NULL),
(2, 'Sưu tầm', NULL),
(3, 'Sandy', NULL),
(4, 'Lê Trung Ngân', NULL),
(5, 'Khánh Ngọc', NULL),
(6, 'Night Stalker', NULL),
(7, 'Phạm Phương Anh', NULL),
(8, 'Tâm tình', NULL);

-- --------------------------------------------------------

--
-- Cấu trúc bảng cho bảng `theloai`
--

CREATE TABLE `theloai` (
  `ma_tloai` int(10) UNSIGNED NOT NULL,
  `ten_tloai` varchar(50) NOT NULL
) ENGINE=InnoDB DEFAULT CHARSET=utf8mb4 COLLATE=utf8mb4_unicode_ci;

--
-- Đang đổ dữ liệu cho bảng `theloai`
--

INSERT INTO `theloai` (`ma_tloai`, `ten_tloai`) VALUES
(1, 'Nhạc trẻ'),
(2, 'Nhạc trữ tình'),
(3, 'Nhạc cách mạng'),
(4, 'Nhạc thiếu nhi'),
(5, 'Nhạc quê hương'),
(6, 'POP'),
(7, 'Rock'),
(8, 'R&B');

-- --------------------------------------------------------

--
-- Cấu trúc bảng cho bảng `users`
--

CREATE TABLE `users` (
  `username` varchar(50) NOT NULL,
  `pass_word` varchar(20) NOT NULL,
  `fullname` varchar(50) NOT NULL,
  `age` int(11) NOT NULL,
  `access` varchar(10) NOT NULL DEFAULT 'user'
) ENGINE=InnoDB DEFAULT CHARSET=utf8mb4 COLLATE=utf8mb4_unicode_ci;

--
-- Đang đổ dữ liệu cho bảng `users`
--

INSERT INTO `users` (`username`, `pass_word`, `fullname`, `age`, `access`) VALUES
('0343282228', 'quangthai1704', 'Nguyễn Quang Thái', 21, 'user'),
('admin', 'admin6868', 'Admin', 22, 'admin');

--
-- Chỉ mục cho các bảng đã đổ
--

--
-- Chỉ mục cho bảng `baiviet`
--
ALTER TABLE `baiviet`
  ADD PRIMARY KEY (`ma_bviet`),
  ADD KEY `ma_tloai` (`ma_tloai`),
  ADD KEY `ma_tgia` (`ma_tgia`);

--
-- Chỉ mục cho bảng `tacgia`
--
ALTER TABLE `tacgia`
  ADD PRIMARY KEY (`ma_tgia`);

--
-- Chỉ mục cho bảng `theloai`
--
ALTER TABLE `theloai`
  ADD PRIMARY KEY (`ma_tloai`);

--
-- Chỉ mục cho bảng `users`
--
ALTER TABLE `users`
  ADD PRIMARY KEY (`username`);

--
-- Các ràng buộc cho các bảng đã đổ
--

--
-- Các ràng buộc cho bảng `baiviet`
--
ALTER TABLE `baiviet`
  ADD CONSTRAINT `baiviet_ibfk_1` FOREIGN KEY (`ma_tloai`) REFERENCES `theloai` (`ma_tloai`),
  ADD CONSTRAINT `baiviet_ibfk_2` FOREIGN KEY (`ma_tgia`) REFERENCES `tacgia` (`ma_tgia`);
--
-- Cơ sở dữ liệu: `phpbook-1`
--
CREATE DATABASE IF NOT EXISTS `phpbook-1` DEFAULT CHARACTER SET utf8mb4 COLLATE utf8mb4_unicode_ci;
USE `phpbook-1`;

-- --------------------------------------------------------

--
-- Cấu trúc bảng cho bảng `article`
--

CREATE TABLE `article` (
  `id` int(11) NOT NULL,
  `title` varchar(80) NOT NULL,
  `summary` varchar(254) NOT NULL,
  `content` text NOT NULL,
  `created` timestamp NOT NULL DEFAULT current_timestamp(),
  `category_id` int(11) NOT NULL,
  `member_id` int(11) NOT NULL,
  `image_id` int(11) DEFAULT NULL,
  `published` tinyint(4) NOT NULL DEFAULT 0
) ENGINE=InnoDB DEFAULT CHARSET=utf8mb4 COLLATE=utf8mb4_unicode_ci;

--
-- Đang đổ dữ liệu cho bảng `article`
--

INSERT INTO `article` (`id`, `title`, `summary`, `content`, `created`, `category_id`, `member_id`, `image_id`, `published`) VALUES
(1, 'Systemic Brochure', 'Brochure design for science festival', 'This brochure design is part of a suite of advertising materials that promote the Systemic science festival. These materials feature the complex visual identity that is an abstract grid of pathways representing choice and decision-making in designing complex systems.', '2021-01-26 05:21:03', 1, 2, 1, 1),
(2, 'Forecast', 'Handbag illustration for fashion magazine', 'This drawing was commissioned by a fashion magazine for an article about spotting future trends. This piece uses luxury handbags to mimic clouds in a kind of fashion-based weather forecast-style graphic. The use of repetition and pattern highlights the potential power of a single prediction.', '2021-01-28 12:44:03', 3, 2, 2, 1),
(3, 'Swimming Pool', 'Architecture magazine photography', 'This photograph is one of a series commissioned for an article in an architectural magazine featuring swimming pools in private residences. The variety of locations shared a similar mid-century modern aesthetic and were rendered using a grainy, black and white film stock.', '2021-02-02 02:45:52', 4, 1, 3, 1),
(4, 'Walking Birds', 'Artwork for music video', 'The brief for this music video was to combine a psychedelic sixties vibe with a granola-brown seventies aesthetic and morph it into a Sesame Street-style animation. With over two million views online, the artwork successfully promoted the song across multiple social media channels.', '2021-02-12 04:05:35', 3, 3, 4, 1),
(5, 'Sisters', 'Editorial graphics for psychology article', 'The article that these illustrations accompany highlights the changing landscape of family connections in the modern age as compared to fifty years ago. The brief was to visualize the interpersonal drift caused by increased dispersement of communities across the globe.', '2021-02-26 08:31:16', 3, 3, NULL, 1),
(6, 'Micro-Dunes', 'Photography for scientific journal', 'This photograph was commissioned to accompany a scientific article about micro-ecologies in the coastal environment. Due to the miniature scale of the subject matter, a macro lens was used to capture the fine detail. It was shot on location on the mid-north coast of Australia.', '2021-03-02 14:02:47', 4, 1, 6, 1),
(7, 'Milk Beach Website', 'Website for music series', 'Using the imagery commissioned for the album artwork, this website aims to provide a simple channel for users to listen to the music digitally. Care was taken to ensure fans of the music could connect with the brand and keep updated on future offerings.', '2021-03-06 03:16:22', 2, 1, 7, 1),
(8, 'Wellness App', 'App for health facility', 'The Wellness chain of health facilities required an app that allowed members to view and book classes. The existing brand style guide defined the overall look and feel of the site with the main goal of the design to be as minimalistic as possible.', '2021-03-12 07:45:49', 2, 2, 8, 1),
(9, 'Milk Beach Music', 'Photography for a music series', 'The music label that released this series wanted to capture the beach that inspired its creation. A number of photographs (including panoramic views and close-ups) were shot on location at Milk Beach in Sydney, Australia. They were given a duotone appearance in post-production.', '2021-03-12 10:09:40', 4, 1, 9, 1),
(10, 'Polite Society Mural', 'Large-scale illustrations for fashion label', 'This is one of several illustrations commissioned by fashion label, Polite Society, to decorate their new autumn-winter collection displays. Appearing in various forms (such as murals, digital projections, and in print) they represent the modern aesthetic of the latest range.', '2021-03-16 07:14:40', 3, 1, 10, 1),
(11, 'Stargazer Website and App', 'Website and app design for music festival', 'The Stargazer music festival website uses a highly typographic treatment to communicate the high calbre performers who will be appearing. As well as allowing users to view the line-up and purchase tickets, the website also allows them to plan their itineraries and book food.', '2021-03-17 11:01:19', 2, 3, 11, 1),
(12, 'The Ice Palace', 'Book cover design', 'This cover is for a Chimney Press reissue of the Norwegian classic novel, The Ice Palace. The design reflects the concise style of the writing and the sense of unease that appears throughout, almost as its own frozen character. The binding uses linen and a thick cover keeps its secrets close to its chest.', '2021-03-20 04:24:52', 1, 2, 12, 1),
(13, 'Chimney Press Website', 'Website for book publisher', 'This design was based on extensive research into the perception of the Chimney Press brand across multiple channels. The insights gained showed that customers were very keen to keep informed on new and upcoming releases and also to share this information throughout their social networks.', '2021-03-21 01:44:01', 2, 2, 13, 1),
(14, 'Milk Beach Album Cover', 'Packaging for music series', 'Having commissioned a number of photographs of the intertidal rocks that adorn the eponymous Milk Beach, this packaging creates a beautiful and serene context for the hugely successful music series. Natural, recycled cardstocks and gentle colorways were used throughout.', '2021-03-27 06:15:20', 1, 1, 14, 1),
(15, 'Seascape', 'Photograph for art exhibition', 'This shot of tbe sea at Margate was included in a group show at the Turner Contemporary art gallery in Kent, England. Printed at a large scale, the serene viewpoint reveals a timeless beauty to the briny waters that have lured Londoners to it for centuries.', '2021-04-03 13:36:08', 4, 2, 15, 1),
(16, 'Polite Society Website', 'Website for fashion label', 'The Polite Society website was rebuilt from the ground up with a complete evaluation of the old version and adjustments to the new user experience to respond to it. As well as working on multiple devices, a new back-end was built to encompass the expanding nature of the company.', '2021-04-06 04:21:44', 2, 1, 16, 1),
(17, 'Snow Search', 'Graphics for mobile game', 'These illustrations of a young boy and his dog formed the basis for a highly successful animated game called Snow Search. The game, which was designed for mobile devices, received several awards for game design and mechanics. More illustration work is currently underway for a sequel.', '2021-04-08 02:46:31', 3, 3, 17, 1),
(18, 'Floral Website', 'Website for florist', 'This florist in Brooklyn required an updated website to support the expanding scope of their business. Working in association with a stylist and a photographer, we created a pleasant and straightforward user experience. Since the relaunch, online enquiries have increased.', '2021-04-08 11:05:19', 2, 1, 18, 1),
(19, 'Abandoned Industry', 'Photograph for magazine feature', 'This photograph of old industrial equipment on a disused dock appeared alongside an essay in a magazine about urban-planning and regeneration. The brief was to consider the visual beauty inherent in decay and inspire readers to embrace sustainable idealogies within the contemporary landscape.', '2021-04-11 04:52:02', 4, 2, 19, 1),
(20, 'Chimney Business Cards', 'Stationery design for publishing company', 'Along with several other items of branded stationery, Chimney Press required new business cards for their expanding office staff. In keeping with their company mission of re-releasing older book titles, a clean and vintage-inspired aesthetic informed the otherwise modern design.', '2021-04-15 03:04:39', 1, 2, 20, 1),
(21, 'Stargazer', 'Illustrations for music festival', 'A series of illustrations were commissioned for the Stargazer music festivals range of promotional materials. A creative choice was made not to portray the night sky itself (as in previous years) but to focus on the beauty and wonder inherent in the patrons themselves.', '2021-04-19 12:08:11', 3, 3, 21, 1),
(22, 'Polite Society Posters', 'Poster designs for a fashion label', 'These posters were designed to increase brand awareness in fashion districts as part of an international campaign ahead of the upcoming autumn-winter season. The client required something aesthetically modern that introduced the vibrant palette of the new collection.', '2021-04-22 01:49:27', 1, 1, 22, 1),
(23, 'Golden Brown', 'Photograph for interior design book', 'This photograph is one of a range that appears in a book about interior design called Golden Brown. The interiors featured in the book show the current trend for looking back to the 1970\'s and the colour treatment of the photography reflects this warm, earthy palette.', '2021-04-25 06:51:19', 4, 3, 23, 1),
(24, 'Travel Guide', 'Book design for series of travel guides', 'The best-selling travel guide series, Featherview, required a refreshed look and feel for their latest series of books covering the Asian region. They were after a clean and concise solution - a versatile design that could accommodate both the coffee table and the backpack.', '2021-04-25 13:11:42', 1, 1, 24, 1);

-- --------------------------------------------------------

--
-- Cấu trúc bảng cho bảng `category`
--

CREATE TABLE `category` (
  `id` int(11) NOT NULL,
  `name` varchar(24) NOT NULL,
  `description` varchar(254) NOT NULL,
  `navigation` tinyint(1) NOT NULL
) ENGINE=InnoDB DEFAULT CHARSET=utf8mb4 COLLATE=utf8mb4_unicode_ci;

--
-- Đang đổ dữ liệu cho bảng `category`
--

INSERT INTO `category` (`id`, `name`, `description`, `navigation`) VALUES
(1, 'Print', 'Inspiring graphic design', 1),
(2, 'Digital', 'Powerful pixels', 1),
(3, 'Illustration', 'Hand-drawn visual storytelling', 1),
(4, 'Photography', 'Capturing the moment', 1);

-- --------------------------------------------------------

--
-- Cấu trúc bảng cho bảng `image`
--

CREATE TABLE `image` (
  `id` int(11) NOT NULL,
  `file` varchar(254) NOT NULL,
  `alt` varchar(1000) NOT NULL
) ENGINE=InnoDB DEFAULT CHARSET=utf8mb4 COLLATE=utf8mb4_unicode_ci;

--
-- Đang đổ dữ liệu cho bảng `image`
--

INSERT INTO `image` (`id`, `file`, `alt`) VALUES
(1, 'systemic-brochure.jpg', 'Brochure for Systemic Science Festival'),
(2, 'forecast.jpg', 'Illustration of a handbag'),
(3, 'swimming-pool.jpg', 'Photograph of swimming pool'),
(4, 'birds.jpg', 'Collage of two birds'),
(6, 'micro-dunes.jpg', 'Photograph of tiny sand dunes'),
(7, 'milk-beach.jpg', 'Website for Milk Beach'),
(8, 'wellness.jpg', 'Yoga timetable for Wellness'),
(9, 'milk-beach-skyline.jpg', 'Photograph of Sydney Harbour from Milk Beach'),
(10, 'polite-society-mural.jpg', 'Mural for Polite Society'),
(11, 'stargazer.jpg', 'Line-up for Stargazer website'),
(12, 'the-ice-palace.jpg', 'The Ice Palace book cover'),
(13, 'chimney.jpg', 'Website for Chimney Press'),
(14, 'milk-beach-album.jpg', 'Vinyl LP cover for Milk Beach'),
(15, 'seascape.jpg', 'The sea taken at Margate Beach'),
(16, 'polite-society.jpg', 'Website for Polite Society'),
(17, 'snow-search.jpg', 'Illustration of boy in snow'),
(18, 'floral.jpg', 'Floral website design'),
(19, 'abandoned.jpg', 'Photograph of decommissioned dock cranes'),
(20, 'chimney-cards.jpg', 'Business cards for Chimney Press'),
(21, 'stargazer-mascot.jpg', 'Illustration of girl looking towards sky'),
(22, 'polite-society-posters.jpg', 'Photograph of three posters for Polite Society'),
(23, 'golden-brown.jpg', 'Photograph of the interior of a cafe'),
(24, 'featherview.jpg', 'Two pages from a travel book showing Nijo Castle');

-- --------------------------------------------------------

--
-- Cấu trúc bảng cho bảng `member`
--

CREATE TABLE `member` (
  `id` int(11) NOT NULL,
  `forename` varchar(254) NOT NULL,
  `surname` varchar(254) NOT NULL,
  `email` varchar(254) NOT NULL,
  `password` varchar(254) NOT NULL,
  `joined` timestamp NOT NULL DEFAULT current_timestamp(),
  `picture` varchar(254) DEFAULT NULL
) ENGINE=InnoDB DEFAULT CHARSET=utf8mb4 COLLATE=utf8mb4_unicode_ci;

--
-- Đang đổ dữ liệu cho bảng `member`
--

INSERT INTO `member` (`id`, `forename`, `surname`, `email`, `password`, `joined`, `picture`) VALUES
(1, 'Ivy', 'Stone', 'ivy@eg.link', 'c63j-82ve-2sv9-qlb38', '2021-01-26 05:04:23', 'ivy.jpg'),
(2, 'Luke', 'Wood', 'luke@eg.link', 'saq8-2f2k-3nv7-fa4k', '2021-01-26 05:15:18', NULL),
(3, 'Emiko', 'Ito', 'emi@eg.link', 'sk3r-vd92-3vn1-exm2', '2021-02-12 03:53:47', 'emi.jpg');

--
-- Chỉ mục cho các bảng đã đổ
--

--
-- Chỉ mục cho bảng `article`
--
ALTER TABLE `article`
  ADD PRIMARY KEY (`id`),
  ADD UNIQUE KEY `title` (`title`),
  ADD KEY `category_id` (`category_id`),
  ADD KEY `author_id` (`member_id`),
  ADD KEY `image_id` (`image_id`);

--
-- Chỉ mục cho bảng `category`
--
ALTER TABLE `category`
  ADD PRIMARY KEY (`id`),
  ADD UNIQUE KEY `name` (`name`);

--
-- Chỉ mục cho bảng `image`
--
ALTER TABLE `image`
  ADD PRIMARY KEY (`id`);

--
-- Chỉ mục cho bảng `member`
--
ALTER TABLE `member`
  ADD PRIMARY KEY (`id`);

--
-- AUTO_INCREMENT cho các bảng đã đổ
--

--
-- AUTO_INCREMENT cho bảng `article`
--
ALTER TABLE `article`
  MODIFY `id` int(11) NOT NULL AUTO_INCREMENT, AUTO_INCREMENT=25;

--
-- AUTO_INCREMENT cho bảng `category`
--
ALTER TABLE `category`
  MODIFY `id` int(11) NOT NULL AUTO_INCREMENT, AUTO_INCREMENT=5;

--
-- AUTO_INCREMENT cho bảng `image`
--
ALTER TABLE `image`
  MODIFY `id` int(11) NOT NULL AUTO_INCREMENT, AUTO_INCREMENT=25;

--
-- AUTO_INCREMENT cho bảng `member`
--
ALTER TABLE `member`
  MODIFY `id` int(11) NOT NULL AUTO_INCREMENT, AUTO_INCREMENT=4;

--
-- Các ràng buộc cho các bảng đã đổ
--

--
-- Các ràng buộc cho bảng `article`
--
ALTER TABLE `article`
  ADD CONSTRAINT `category_exists` FOREIGN KEY (`category_id`) REFERENCES `category` (`id`),
  ADD CONSTRAINT `image_exists` FOREIGN KEY (`image_id`) REFERENCES `image` (`id`),
  ADD CONSTRAINT `member_exists` FOREIGN KEY (`member_id`) REFERENCES `member` (`id`);
--
-- Cơ sở dữ liệu: `phpmyadmin`
--
CREATE DATABASE IF NOT EXISTS `phpmyadmin` DEFAULT CHARACTER SET utf8 COLLATE utf8_bin;
USE `phpmyadmin`;

-- --------------------------------------------------------

--
-- Cấu trúc bảng cho bảng `pma__bookmark`
--

CREATE TABLE `pma__bookmark` (
  `id` int(10) UNSIGNED NOT NULL,
  `dbase` varchar(255) NOT NULL DEFAULT '',
  `user` varchar(255) NOT NULL DEFAULT '',
  `label` varchar(255) CHARACTER SET utf8 COLLATE utf8_general_ci NOT NULL DEFAULT '',
  `query` text NOT NULL
) ENGINE=InnoDB DEFAULT CHARSET=utf8 COLLATE=utf8_bin COMMENT='Bookmarks';

-- --------------------------------------------------------

--
-- Cấu trúc bảng cho bảng `pma__central_columns`
--

CREATE TABLE `pma__central_columns` (
  `db_name` varchar(64) NOT NULL,
  `col_name` varchar(64) NOT NULL,
  `col_type` varchar(64) NOT NULL,
  `col_length` text DEFAULT NULL,
  `col_collation` varchar(64) NOT NULL,
  `col_isNull` tinyint(1) NOT NULL,
  `col_extra` varchar(255) DEFAULT '',
  `col_default` text DEFAULT NULL
) ENGINE=InnoDB DEFAULT CHARSET=utf8 COLLATE=utf8_bin COMMENT='Central list of columns';

-- --------------------------------------------------------

--
-- Cấu trúc bảng cho bảng `pma__column_info`
--

CREATE TABLE `pma__column_info` (
  `id` int(5) UNSIGNED NOT NULL,
  `db_name` varchar(64) NOT NULL DEFAULT '',
  `table_name` varchar(64) NOT NULL DEFAULT '',
  `column_name` varchar(64) NOT NULL DEFAULT '',
  `comment` varchar(255) CHARACTER SET utf8 COLLATE utf8_general_ci NOT NULL DEFAULT '',
  `mimetype` varchar(255) CHARACTER SET utf8 COLLATE utf8_general_ci NOT NULL DEFAULT '',
  `transformation` varchar(255) NOT NULL DEFAULT '',
  `transformation_options` varchar(255) NOT NULL DEFAULT '',
  `input_transformation` varchar(255) NOT NULL DEFAULT '',
  `input_transformation_options` varchar(255) NOT NULL DEFAULT ''
) ENGINE=InnoDB DEFAULT CHARSET=utf8 COLLATE=utf8_bin COMMENT='Column information for phpMyAdmin';

-- --------------------------------------------------------

--
-- Cấu trúc bảng cho bảng `pma__designer_settings`
--

CREATE TABLE `pma__designer_settings` (
  `username` varchar(64) NOT NULL,
  `settings_data` text NOT NULL
) ENGINE=InnoDB DEFAULT CHARSET=utf8 COLLATE=utf8_bin COMMENT='Settings related to Designer';

-- --------------------------------------------------------

--
-- Cấu trúc bảng cho bảng `pma__export_templates`
--

CREATE TABLE `pma__export_templates` (
  `id` int(5) UNSIGNED NOT NULL,
  `username` varchar(64) NOT NULL,
  `export_type` varchar(10) NOT NULL,
  `template_name` varchar(64) NOT NULL,
  `template_data` text NOT NULL
) ENGINE=InnoDB DEFAULT CHARSET=utf8 COLLATE=utf8_bin COMMENT='Saved export templates';

--
-- Đang đổ dữ liệu cho bảng `pma__export_templates`
--

INSERT INTO `pma__export_templates` (`id`, `username`, `export_type`, `template_name`, `template_data`) VALUES
(1, 'root', 'database', 'BTTH01_CSE485', '{\"quick_or_custom\":\"quick\",\"what\":\"sql\",\"structure_or_data_forced\":\"0\",\"table_select[]\":[\"baiviet\",\"tacgia\",\"theloai\"],\"table_structure[]\":[\"baiviet\",\"tacgia\",\"theloai\"],\"table_data[]\":[\"baiviet\",\"tacgia\",\"theloai\"],\"aliases_new\":\"\",\"output_format\":\"sendit\",\"filename_template\":\"@DATABASE@\",\"remember_template\":\"on\",\"charset\":\"utf-8\",\"compression\":\"none\",\"maxsize\":\"\",\"codegen_structure_or_data\":\"data\",\"codegen_format\":\"0\",\"csv_separator\":\",\",\"csv_enclosed\":\"\\\"\",\"csv_escaped\":\"\\\"\",\"csv_terminated\":\"AUTO\",\"csv_null\":\"NULL\",\"csv_structure_or_data\":\"data\",\"excel_null\":\"NULL\",\"excel_columns\":\"something\",\"excel_edition\":\"win\",\"excel_structure_or_data\":\"data\",\"json_structure_or_data\":\"data\",\"json_unicode\":\"something\",\"latex_caption\":\"something\",\"latex_structure_or_data\":\"structure_and_data\",\"latex_structure_caption\":\"Cấu trúc của bảng @TABLE@\",\"latex_structure_continued_caption\":\"Cấu trúc của bảng @TABLE@ (còn nữa)\",\"latex_structure_label\":\"tab:@TABLE@-structure\",\"latex_relation\":\"something\",\"latex_comments\":\"something\",\"latex_mime\":\"something\",\"latex_columns\":\"something\",\"latex_data_caption\":\"Nội dung của bảng @TABLE@\",\"latex_data_continued_caption\":\"Nội dung của bảng @TABLE@ (còn nữa)\",\"latex_data_label\":\"tab:@TABLE@-data\",\"latex_null\":\"\\\\textit{NULL}\",\"mediawiki_structure_or_data\":\"structure_and_data\",\"mediawiki_caption\":\"something\",\"mediawiki_headers\":\"something\",\"htmlword_structure_or_data\":\"structure_and_data\",\"htmlword_null\":\"NULL\",\"ods_null\":\"NULL\",\"ods_structure_or_data\":\"data\",\"odt_structure_or_data\":\"structure_and_data\",\"odt_relation\":\"something\",\"odt_comments\":\"something\",\"odt_mime\":\"something\",\"odt_columns\":\"something\",\"odt_null\":\"NULL\",\"pdf_report_title\":\"\",\"pdf_structure_or_data\":\"structure_and_data\",\"phparray_structure_or_data\":\"data\",\"sql_include_comments\":\"something\",\"sql_header_comment\":\"\",\"sql_use_transaction\":\"something\",\"sql_compatibility\":\"NONE\",\"sql_structure_or_data\":\"structure_and_data\",\"sql_create_table\":\"something\",\"sql_auto_increment\":\"something\",\"sql_create_view\":\"something\",\"sql_procedure_function\":\"something\",\"sql_create_trigger\":\"something\",\"sql_backquotes\":\"something\",\"sql_type\":\"INSERT\",\"sql_insert_syntax\":\"both\",\"sql_max_query_size\":\"50000\",\"sql_hex_for_binary\":\"something\",\"sql_utc_time\":\"something\",\"texytext_structure_or_data\":\"structure_and_data\",\"texytext_null\":\"NULL\",\"xml_structure_or_data\":\"data\",\"xml_export_events\":\"something\",\"xml_export_functions\":\"something\",\"xml_export_procedures\":\"something\",\"xml_export_tables\":\"something\",\"xml_export_triggers\":\"something\",\"xml_export_views\":\"something\",\"xml_export_contents\":\"something\",\"yaml_structure_or_data\":\"data\",\"\":null,\"lock_tables\":null,\"as_separate_files\":null,\"csv_removeCRLF\":null,\"csv_columns\":null,\"excel_removeCRLF\":null,\"json_pretty_print\":null,\"htmlword_columns\":null,\"ods_columns\":null,\"sql_dates\":null,\"sql_relation\":null,\"sql_mime\":null,\"sql_disable_fk\":null,\"sql_views_as_tables\":null,\"sql_metadata\":null,\"sql_create_database\":null,\"sql_drop_table\":null,\"sql_if_not_exists\":null,\"sql_simple_view_export\":null,\"sql_view_current_user\":null,\"sql_or_replace_view\":null,\"sql_truncate\":null,\"sql_delayed\":null,\"sql_ignore\":null,\"texytext_columns\":null}');

-- --------------------------------------------------------

--
-- Cấu trúc bảng cho bảng `pma__favorite`
--

CREATE TABLE `pma__favorite` (
  `username` varchar(64) NOT NULL,
  `tables` text NOT NULL
) ENGINE=InnoDB DEFAULT CHARSET=utf8 COLLATE=utf8_bin COMMENT='Favorite tables';

-- --------------------------------------------------------

--
-- Cấu trúc bảng cho bảng `pma__history`
--

CREATE TABLE `pma__history` (
  `id` bigint(20) UNSIGNED NOT NULL,
  `username` varchar(64) NOT NULL DEFAULT '',
  `db` varchar(64) NOT NULL DEFAULT '',
  `table` varchar(64) NOT NULL DEFAULT '',
  `timevalue` timestamp NOT NULL DEFAULT current_timestamp(),
  `sqlquery` text NOT NULL
) ENGINE=InnoDB DEFAULT CHARSET=utf8 COLLATE=utf8_bin COMMENT='SQL history for phpMyAdmin';

-- --------------------------------------------------------

--
-- Cấu trúc bảng cho bảng `pma__navigationhiding`
--

CREATE TABLE `pma__navigationhiding` (
  `username` varchar(64) NOT NULL,
  `item_name` varchar(64) NOT NULL,
  `item_type` varchar(64) NOT NULL,
  `db_name` varchar(64) NOT NULL,
  `table_name` varchar(64) NOT NULL
) ENGINE=InnoDB DEFAULT CHARSET=utf8 COLLATE=utf8_bin COMMENT='Hidden items of navigation tree';

-- --------------------------------------------------------

--
-- Cấu trúc bảng cho bảng `pma__pdf_pages`
--

CREATE TABLE `pma__pdf_pages` (
  `db_name` varchar(64) NOT NULL DEFAULT '',
  `page_nr` int(10) UNSIGNED NOT NULL,
  `page_descr` varchar(50) CHARACTER SET utf8 COLLATE utf8_general_ci NOT NULL DEFAULT ''
) ENGINE=InnoDB DEFAULT CHARSET=utf8 COLLATE=utf8_bin COMMENT='PDF relation pages for phpMyAdmin';

-- --------------------------------------------------------

--
-- Cấu trúc bảng cho bảng `pma__recent`
--

CREATE TABLE `pma__recent` (
  `username` varchar(64) NOT NULL,
  `tables` text NOT NULL
) ENGINE=InnoDB DEFAULT CHARSET=utf8 COLLATE=utf8_bin COMMENT='Recently accessed tables';

--
-- Đang đổ dữ liệu cho bảng `pma__recent`
--

INSERT INTO `pma__recent` (`username`, `tables`) VALUES
('root', '[{\"db\":\"btth01_cse485\",\"table\":\"users\"},{\"db\":\"btth01_cse485\",\"table\":\"Users\"},{\"db\":\"btth01_cse485\",\"table\":\"baiviet\"},{\"db\":\"btth01_cse485_ex\",\"table\":\"baiviet\"},{\"db\":\"vietnamnet3\",\"table\":\"baiviet\"},{\"db\":\"btth01_cse485\",\"table\":\"tacgia\"},{\"db\":\"btth01_cse485\",\"table\":\"theloai\"},{\"db\":\"vietnamnet\",\"table\":\"posts\"},{\"db\":\"vietnamnet\",\"table\":\"cats_posts\"},{\"db\":\"vietnamnet\",\"table\":\"categories\"}]');

-- --------------------------------------------------------

--
-- Cấu trúc bảng cho bảng `pma__relation`
--

CREATE TABLE `pma__relation` (
  `master_db` varchar(64) NOT NULL DEFAULT '',
  `master_table` varchar(64) NOT NULL DEFAULT '',
  `master_field` varchar(64) NOT NULL DEFAULT '',
  `foreign_db` varchar(64) NOT NULL DEFAULT '',
  `foreign_table` varchar(64) NOT NULL DEFAULT '',
  `foreign_field` varchar(64) NOT NULL DEFAULT ''
) ENGINE=InnoDB DEFAULT CHARSET=utf8 COLLATE=utf8_bin COMMENT='Relation table';

-- --------------------------------------------------------

--
-- Cấu trúc bảng cho bảng `pma__savedsearches`
--

CREATE TABLE `pma__savedsearches` (
  `id` int(5) UNSIGNED NOT NULL,
  `username` varchar(64) NOT NULL DEFAULT '',
  `db_name` varchar(64) NOT NULL DEFAULT '',
  `search_name` varchar(64) NOT NULL DEFAULT '',
  `search_data` text NOT NULL
) ENGINE=InnoDB DEFAULT CHARSET=utf8 COLLATE=utf8_bin COMMENT='Saved searches';

-- --------------------------------------------------------

--
-- Cấu trúc bảng cho bảng `pma__table_coords`
--

CREATE TABLE `pma__table_coords` (
  `db_name` varchar(64) NOT NULL DEFAULT '',
  `table_name` varchar(64) NOT NULL DEFAULT '',
  `pdf_page_number` int(11) NOT NULL DEFAULT 0,
  `x` float UNSIGNED NOT NULL DEFAULT 0,
  `y` float UNSIGNED NOT NULL DEFAULT 0
) ENGINE=InnoDB DEFAULT CHARSET=utf8 COLLATE=utf8_bin COMMENT='Table coordinates for phpMyAdmin PDF output';

-- --------------------------------------------------------

--
-- Cấu trúc bảng cho bảng `pma__table_info`
--

CREATE TABLE `pma__table_info` (
  `db_name` varchar(64) NOT NULL DEFAULT '',
  `table_name` varchar(64) NOT NULL DEFAULT '',
  `display_field` varchar(64) NOT NULL DEFAULT ''
) ENGINE=InnoDB DEFAULT CHARSET=utf8 COLLATE=utf8_bin COMMENT='Table information for phpMyAdmin';

-- --------------------------------------------------------

--
-- Cấu trúc bảng cho bảng `pma__table_uiprefs`
--

CREATE TABLE `pma__table_uiprefs` (
  `username` varchar(64) NOT NULL,
  `db_name` varchar(64) NOT NULL,
  `table_name` varchar(64) NOT NULL,
  `prefs` text NOT NULL,
  `last_update` timestamp NOT NULL DEFAULT current_timestamp() ON UPDATE current_timestamp()
) ENGINE=InnoDB DEFAULT CHARSET=utf8 COLLATE=utf8_bin COMMENT='Tables'' UI preferences';

-- --------------------------------------------------------

--
-- Cấu trúc bảng cho bảng `pma__tracking`
--

CREATE TABLE `pma__tracking` (
  `db_name` varchar(64) NOT NULL,
  `table_name` varchar(64) NOT NULL,
  `version` int(10) UNSIGNED NOT NULL,
  `date_created` datetime NOT NULL,
  `date_updated` datetime NOT NULL,
  `schema_snapshot` text NOT NULL,
  `schema_sql` text DEFAULT NULL,
  `data_sql` longtext DEFAULT NULL,
  `tracking` set('UPDATE','REPLACE','INSERT','DELETE','TRUNCATE','CREATE DATABASE','ALTER DATABASE','DROP DATABASE','CREATE TABLE','ALTER TABLE','RENAME TABLE','DROP TABLE','CREATE INDEX','DROP INDEX','CREATE VIEW','ALTER VIEW','DROP VIEW') DEFAULT NULL,
  `tracking_active` int(1) UNSIGNED NOT NULL DEFAULT 1
) ENGINE=InnoDB DEFAULT CHARSET=utf8 COLLATE=utf8_bin COMMENT='Database changes tracking for phpMyAdmin';

-- --------------------------------------------------------

--
-- Cấu trúc bảng cho bảng `pma__userconfig`
--

CREATE TABLE `pma__userconfig` (
  `username` varchar(64) NOT NULL,
  `timevalue` timestamp NOT NULL DEFAULT current_timestamp() ON UPDATE current_timestamp(),
  `config_data` text NOT NULL
) ENGINE=InnoDB DEFAULT CHARSET=utf8 COLLATE=utf8_bin COMMENT='User preferences storage for phpMyAdmin';

--
-- Đang đổ dữ liệu cho bảng `pma__userconfig`
--

INSERT INTO `pma__userconfig` (`username`, `timevalue`, `config_data`) VALUES
('root', '2023-02-25 00:51:25', '{\"Console\\/Mode\":\"collapse\",\"lang\":\"vi\"}');

-- --------------------------------------------------------

--
-- Cấu trúc bảng cho bảng `pma__usergroups`
--

CREATE TABLE `pma__usergroups` (
  `usergroup` varchar(64) NOT NULL,
  `tab` varchar(64) NOT NULL,
  `allowed` enum('Y','N') NOT NULL DEFAULT 'N'
) ENGINE=InnoDB DEFAULT CHARSET=utf8 COLLATE=utf8_bin COMMENT='User groups with configured menu items';

-- --------------------------------------------------------

--
-- Cấu trúc bảng cho bảng `pma__users`
--

CREATE TABLE `pma__users` (
  `username` varchar(64) NOT NULL,
  `usergroup` varchar(64) NOT NULL
) ENGINE=InnoDB DEFAULT CHARSET=utf8 COLLATE=utf8_bin COMMENT='Users and their assignments to user groups';

--
-- Chỉ mục cho các bảng đã đổ
--

--
-- Chỉ mục cho bảng `pma__bookmark`
--
ALTER TABLE `pma__bookmark`
  ADD PRIMARY KEY (`id`);

--
-- Chỉ mục cho bảng `pma__central_columns`
--
ALTER TABLE `pma__central_columns`
  ADD PRIMARY KEY (`db_name`,`col_name`);

--
-- Chỉ mục cho bảng `pma__column_info`
--
ALTER TABLE `pma__column_info`
  ADD PRIMARY KEY (`id`),
  ADD UNIQUE KEY `db_name` (`db_name`,`table_name`,`column_name`);

--
-- Chỉ mục cho bảng `pma__designer_settings`
--
ALTER TABLE `pma__designer_settings`
  ADD PRIMARY KEY (`username`);

--
-- Chỉ mục cho bảng `pma__export_templates`
--
ALTER TABLE `pma__export_templates`
  ADD PRIMARY KEY (`id`),
  ADD UNIQUE KEY `u_user_type_template` (`username`,`export_type`,`template_name`);

--
-- Chỉ mục cho bảng `pma__favorite`
--
ALTER TABLE `pma__favorite`
  ADD PRIMARY KEY (`username`);

--
-- Chỉ mục cho bảng `pma__history`
--
ALTER TABLE `pma__history`
  ADD PRIMARY KEY (`id`),
  ADD KEY `username` (`username`,`db`,`table`,`timevalue`);

--
-- Chỉ mục cho bảng `pma__navigationhiding`
--
ALTER TABLE `pma__navigationhiding`
  ADD PRIMARY KEY (`username`,`item_name`,`item_type`,`db_name`,`table_name`);

--
-- Chỉ mục cho bảng `pma__pdf_pages`
--
ALTER TABLE `pma__pdf_pages`
  ADD PRIMARY KEY (`page_nr`),
  ADD KEY `db_name` (`db_name`);

--
-- Chỉ mục cho bảng `pma__recent`
--
ALTER TABLE `pma__recent`
  ADD PRIMARY KEY (`username`);

--
-- Chỉ mục cho bảng `pma__relation`
--
ALTER TABLE `pma__relation`
  ADD PRIMARY KEY (`master_db`,`master_table`,`master_field`),
  ADD KEY `foreign_field` (`foreign_db`,`foreign_table`);

--
-- Chỉ mục cho bảng `pma__savedsearches`
--
ALTER TABLE `pma__savedsearches`
  ADD PRIMARY KEY (`id`),
  ADD UNIQUE KEY `u_savedsearches_username_dbname` (`username`,`db_name`,`search_name`);

--
-- Chỉ mục cho bảng `pma__table_coords`
--
ALTER TABLE `pma__table_coords`
  ADD PRIMARY KEY (`db_name`,`table_name`,`pdf_page_number`);

--
-- Chỉ mục cho bảng `pma__table_info`
--
ALTER TABLE `pma__table_info`
  ADD PRIMARY KEY (`db_name`,`table_name`);

--
-- Chỉ mục cho bảng `pma__table_uiprefs`
--
ALTER TABLE `pma__table_uiprefs`
  ADD PRIMARY KEY (`username`,`db_name`,`table_name`);

--
-- Chỉ mục cho bảng `pma__tracking`
--
ALTER TABLE `pma__tracking`
  ADD PRIMARY KEY (`db_name`,`table_name`,`version`);

--
-- Chỉ mục cho bảng `pma__userconfig`
--
ALTER TABLE `pma__userconfig`
  ADD PRIMARY KEY (`username`);

--
-- Chỉ mục cho bảng `pma__usergroups`
--
ALTER TABLE `pma__usergroups`
  ADD PRIMARY KEY (`usergroup`,`tab`,`allowed`);

--
-- Chỉ mục cho bảng `pma__users`
--
ALTER TABLE `pma__users`
  ADD PRIMARY KEY (`username`,`usergroup`);

--
-- AUTO_INCREMENT cho các bảng đã đổ
--

--
-- AUTO_INCREMENT cho bảng `pma__bookmark`
--
ALTER TABLE `pma__bookmark`
  MODIFY `id` int(10) UNSIGNED NOT NULL AUTO_INCREMENT;

--
-- AUTO_INCREMENT cho bảng `pma__column_info`
--
ALTER TABLE `pma__column_info`
  MODIFY `id` int(5) UNSIGNED NOT NULL AUTO_INCREMENT;

--
-- AUTO_INCREMENT cho bảng `pma__export_templates`
--
ALTER TABLE `pma__export_templates`
  MODIFY `id` int(5) UNSIGNED NOT NULL AUTO_INCREMENT, AUTO_INCREMENT=2;

--
-- AUTO_INCREMENT cho bảng `pma__history`
--
ALTER TABLE `pma__history`
  MODIFY `id` bigint(20) UNSIGNED NOT NULL AUTO_INCREMENT;

--
-- AUTO_INCREMENT cho bảng `pma__pdf_pages`
--
ALTER TABLE `pma__pdf_pages`
  MODIFY `page_nr` int(10) UNSIGNED NOT NULL AUTO_INCREMENT;

--
-- AUTO_INCREMENT cho bảng `pma__savedsearches`
--
ALTER TABLE `pma__savedsearches`
  MODIFY `id` int(5) UNSIGNED NOT NULL AUTO_INCREMENT;
--
-- Cơ sở dữ liệu: `test`
--
CREATE DATABASE IF NOT EXISTS `test` DEFAULT CHARACTER SET latin1 COLLATE latin1_swedish_ci;
USE `test`;
--
-- Cơ sở dữ liệu: `vietnamnet`
--
CREATE DATABASE IF NOT EXISTS `vietnamnet` DEFAULT CHARACTER SET utf8mb4 COLLATE utf8mb4_unicode_ci;
USE `vietnamnet`;

-- --------------------------------------------------------

--
-- Cấu trúc bảng cho bảng `categories`
--

CREATE TABLE `categories` (
  `cat_id` int(10) UNSIGNED NOT NULL,
  `cat_name` varchar(235) NOT NULL,
  `cat_desc` varchar(235) DEFAULT NULL,
  `cat_parent` int(10) UNSIGNED DEFAULT NULL
) ENGINE=InnoDB DEFAULT CHARSET=utf8mb4 COLLATE=utf8mb4_unicode_ci;

--
-- Đang đổ dữ liệu cho bảng `categories`
--

INSERT INTO `categories` (`cat_id`, `cat_name`, `cat_desc`, `cat_parent`) VALUES
(1, 'Thể thao', 'Tin nóng', 1),
(2, 'Thông tin', 'NHA', 2),
(5, 'Bóng đá', '...', 1),
(6, 'Bóng chuyền', '...', 1);

-- --------------------------------------------------------

--
-- Cấu trúc bảng cho bảng `cats_posts`
--

CREATE TABLE `cats_posts` (
  `cat_id` int(10) UNSIGNED DEFAULT NULL,
  `post_id` int(10) UNSIGNED DEFAULT NULL
) ENGINE=InnoDB DEFAULT CHARSET=utf8mb4 COLLATE=utf8mb4_unicode_ci;

--
-- Đang đổ dữ liệu cho bảng `cats_posts`
--

INSERT INTO `cats_posts` (`cat_id`, `post_id`) VALUES
(1, 1),
(1, 2);

-- --------------------------------------------------------

--
-- Cấu trúc bảng cho bảng `posts`
--

CREATE TABLE `posts` (
  `post_id` int(10) UNSIGNED NOT NULL,
  `post_title` varchar(235) DEFAULT NULL,
  `post_summary` text NOT NULL,
  `post_content` text NOT NULL,
  `author_name` varchar(235) NOT NULL,
  `featured_img` varchar(235) NOT NULL,
  `dop` timestamp NOT NULL DEFAULT current_timestamp()
) ENGINE=InnoDB DEFAULT CHARSET=utf8mb4 COLLATE=utf8mb4_unicode_ci;

--
-- Đang đổ dữ liệu cho bảng `posts`
--

INSERT INTO `posts` (`post_id`, `post_title`, `post_summary`, `post_content`, `author_name`, `featured_img`, `dop`) VALUES
(1, 'Mân đàn may mắn cầm hòa NTH', 'HOT', 'Sau 90 phút vất vả, đội 0C1 đã xuất sắc cầm hòa đội 2C1', 'VLinh', 'https://static-images.vnncdn.net/files/publish/2022/10/16/liverpool-man-city-93.jpg', '2023-02-20 01:20:36'),
(2, 'Thị trường chuyển nhượng', 'HOT', 'Cậu bé Hà Lan được định giá 1 tỷ euro', 'VLinh', 'https://static-images.vnncdn.net/files/publish/2022/10/16/liverpool-man-city-92.jpg', '2023-02-20 01:20:36');

--
-- Chỉ mục cho các bảng đã đổ
--

--
-- Chỉ mục cho bảng `categories`
--
ALTER TABLE `categories`
  ADD PRIMARY KEY (`cat_id`),
  ADD KEY `cat_parent` (`cat_parent`);

--
-- Chỉ mục cho bảng `cats_posts`
--
ALTER TABLE `cats_posts`
  ADD KEY `cat_id` (`cat_id`),
  ADD KEY `post_id` (`post_id`);

--
-- Chỉ mục cho bảng `posts`
--
ALTER TABLE `posts`
  ADD PRIMARY KEY (`post_id`);

--
-- AUTO_INCREMENT cho các bảng đã đổ
--

--
-- AUTO_INCREMENT cho bảng `categories`
--
ALTER TABLE `categories`
  MODIFY `cat_id` int(10) UNSIGNED NOT NULL AUTO_INCREMENT, AUTO_INCREMENT=7;

--
-- AUTO_INCREMENT cho bảng `posts`
--
ALTER TABLE `posts`
  MODIFY `post_id` int(10) UNSIGNED NOT NULL AUTO_INCREMENT, AUTO_INCREMENT=3;

--
-- Các ràng buộc cho các bảng đã đổ
--

--
-- Các ràng buộc cho bảng `categories`
--
ALTER TABLE `categories`
  ADD CONSTRAINT `categories_ibfk_1` FOREIGN KEY (`cat_parent`) REFERENCES `categories` (`cat_id`);

--
-- Các ràng buộc cho bảng `cats_posts`
--
ALTER TABLE `cats_posts`
  ADD CONSTRAINT `cats_posts_ibfk_1` FOREIGN KEY (`cat_id`) REFERENCES `categories` (`cat_id`),
  ADD CONSTRAINT `cats_posts_ibfk_2` FOREIGN KEY (`post_id`) REFERENCES `posts` (`post_id`);
--
-- Cơ sở dữ liệu: `vietnamnet3`
--
CREATE DATABASE IF NOT EXISTS `vietnamnet3` DEFAULT CHARACTER SET utf8mb4 COLLATE utf8mb4_unicode_ci;
USE `vietnamnet3`;

-- --------------------------------------------------------

--
-- Cấu trúc bảng cho bảng `baiviet`
--

CREATE TABLE `baiviet` (
  `ma_bviet` int(10) UNSIGNED NOT NULL,
  `tieude` varchar(200) NOT NULL,
  `ten_bhat` varchar(100) NOT NULL,
  `ma_tloai` int(10) UNSIGNED NOT NULL,
  `tomtat` text NOT NULL,
  `noidung` text DEFAULT NULL,
  `ma_tgia` int(10) UNSIGNED NOT NULL,
  `ngayviet` datetime NOT NULL DEFAULT current_timestamp(),
  `hinhanh` varchar(200) DEFAULT NULL
) ENGINE=InnoDB DEFAULT CHARSET=utf8mb4 COLLATE=utf8mb4_unicode_ci;

--
-- Đang đổ dữ liệu cho bảng `baiviet`
--

INSERT INTO `baiviet` (`ma_bviet`, `tieude`, `ten_bhat`, `ma_tloai`, `tomtat`, `noidung`, `ma_tgia`, `ngayviet`, `hinhanh`) VALUES
(1, 'Lòng mẹ', 'Lòng mẹ', 2, 'Và mẹ ơi đừng khóc nhé! Cả đời này mẹ đã khóc nhiều lắm rồi, hãy cười lên vì con đã trưởng thành! Con sẽ lại về dậy sớm nấu cơm cho mẹ, nấu nước cho mẹ tắm như ngày xưa. “Dù cho vai nắng nhưng lòng thương chẳng nhạt màu, vẫn mơ quay về vui vầy dưới bóng mẹ yêu”', NULL, 1, '2012-07-23 00:00:00', NULL),
(2, 'Cảm ơn em đã rời xa anh', 'Vết mưa', 2, 'Cảm ơn em đã cho anh những tháng ngày hạnh phúc, cho anh biết yêu và được yêu. Em cho anh được nếm trải hương vị ngọt ngào của tình yêu nhưng cũng đầy đau khổ và nước mắt. Những tháng ngày đó có lẽ suốt cuộc đời anh không bao giờ quên', NULL, 3, '2012-02-12 00:00:00', NULL),
(3, 'Cuộc đời có mấy ngày mai?', 'Phôi pha', 2, 'Đêm nay, trời quang mây tạnh, trong người nghe hoang vắng và tôi ngồi đây “Ôm lòng đêm, Nhìn vầng trăng mới về” mà ngậm ngùi “Nhớ chân giang hồ. Ôi phù du, từng tuổi xuân đã già”', NULL, 4, '2014-03-13 00:00:00', NULL),
(4, 'Quê tôi!', 'Quê hương', 5, 'Quê hương là gì mà chở đầy kí ức nhỏ xinh. Có đám trẻ nô đùa bên nhau dưới gốc ổi nhà bà Năm giữa trưa nắng gắt chỉ để chờ bà đi vắng là hái trộm. Có hai anh em tôi bì bõm lội sình bắt cua đem về nhà cho mẹ nấu canh, nấu cháo… Có ba chị em tôi lục đục tự nấu ăn khi mẹ vắng nhà. Có anh tôi luôn dắt tôi đi cùng đường ngõ xóm chỉ để em được vui. Có cả những trận cãi nhau nảy lửa của ba anh em nữa…', NULL, 5, '2014-02-20 00:00:00', NULL),
(5, 'Đất nước', 'Đất nước', 5, 'Đã bao nhiêu lần tôi tự hỏi: liệu trên Thế giới này có nơi nào chiến tranh tang thương mà lại rất đổi anh hùng như nước mình không? Liệu có mảnh đất nào mà mỗi tấc đất hôm nay đã thấm máu xương của những thế hệ đi trước nhiều như nước mình không? Và, liệu có một đất nước nào lại có nhiều bà mẹ đau khổ nhưng cũng hết sức gan góc như đất nước mình không?', NULL, 1, '2010-05-25 00:00:00', NULL),
(6, 'Hard Rock Hallelujah', 'Hard Rock Hallelujah', 7, 'Những linh hồn đang lạc lối, mù quáng mất phương hướng trong cõi trần gian đầy nghiệt ngã hãy nên lắng nghe \"Hard Rock Hallelujah\" để có thể quên tất cả mọi thứ để tìm về đúng bản chất sâu thẳm nhất trong tâm hồn chính mình!', NULL, 6, '2013-09-12 00:00:00', NULL),
(7, 'The Unforgiven', 'The Unforgiven', 7, 'Lâu lắm rồi mới nghe lại The Unforgiven II, vì bài này không phải là bài mà tôi thích. Anh bạn tôi lúc trước, đi đâu cũng nghêu ngao bài này ấy, chỉ tại vì hắn đang... thất tình mà lị. Mà sao Metallica có The Unforgiven rồi lại có thêm bài này chi nữa vậy không biết nữa, làm cho tôi cảm thấy hình như hơi bị đúng so với tâm trạng của tôi lúc này.', NULL, 1, '2010-05-25 00:00:00', NULL),
(8, 'Nơi tình yêu bắt đầu', 'Nơi tình yêu bắt đầu', 1, 'Nhiều người sẽ nghĩ làm gì có yêu nhất và làm gì có yêu mãi. Ừ! Chẳng có gì là mãi mãi cả, vì chúng ta không trường tồn vĩnh cửu', NULL, 1, '2014-02-03 00:00:00', NULL),
(9, 'Love Me Like There’s No Tomorrow', 'Love Me Like There’s No Tomorrow', 8, 'Nếu ai đã từng yêu Queen, yêu cái chất giọng cao, sắc sảo như một vết cắt thật ngọt ẩn giấu bao cảm xúc mãnh liệt của Freddie chắc không thể không \"điêu đứng\" mỗi khi nghe Love Me Like There’s No Tomorrow.', NULL, 1, '2013-02-26 00:00:00', NULL),
(10, 'I\'m stronger', 'I\'m stronger', 7, 'Em không phải là người giỏi giấu cảm xúc, nhưng em lại là người giỏi đoán biết cảm xúc của người khác vậy nên đừng cố nói nhớ em, rằng mọi thứ chỉ là do hoàn cảnh. Và cũng đừng dối em rằng anh đã từng yêu em. Em nhắm mắt cũng cảm nhận được mà, thật đấy', NULL, 2, '2013-08-21 00:00:00', NULL),
(11, 'Ôi Cuộc Sống Mến Thương', 'Ôi Cuộc Sống Mến Thương', 5, 'Có một câu nói như thế này \"Âm nhạc là một cái gì khác lạ mà hầu như tôi muốn nói nó là một phép thần diệu.Vì nó đứng giữa tư tưởng và hiện tượng, tinh thần và vật chất, mọi thứ trung gian mơ hồ thế đó mà không là thế đó giữa các sự vật mà âm nhạc hòa giải\"', NULL, 2, '2011-10-09 00:00:00', NULL),
(12, 'Cây và gió', 'Cây và gió', 7, 'Em và anh, hai đứa quen nhau thật tình cờ. Lời hát của anh từ bài hát “Cây và gió” đã làm tâm hồn em xao động. Nhưng sự thật phũ phàng rằng em chưa bao giờ nói cho anh biết những suy nghĩ tận sâu trong tim mình. Bởi vì em nhút nhát, em không dám đối mặt với thực tế khắc nghiệt, hay thực ra em không dám đối diện với chính mình.', NULL, 7, '2013-12-05 00:00:00', NULL),
(13, 'Như một cách tạ ơn đời', 'Người thầy', 2, 'Ánh nắng cuối ngày rồi cũng sẽ tắt, dòng sông con đò rồi cũng sẽ rẽ sang một hướng khác. Nhưng việc trồng người luôn cảm thụ với chuyến đò ngang, cứ tần tảo đưa rồi lặng lẽ quay về đưa sang. Con đò năm xưa của Thầy nặng trĩu yêu thương, hy sinh thầm lặng.', NULL, 8, '2014-01-02 00:00:00', NULL);

-- --------------------------------------------------------

--
-- Cấu trúc bảng cho bảng `tacgia`
--

CREATE TABLE `tacgia` (
  `ma_tgia` int(10) UNSIGNED NOT NULL,
  `ten_tgia` varchar(100) NOT NULL,
  `hinh_tgia` varchar(100) DEFAULT NULL
) ENGINE=InnoDB DEFAULT CHARSET=utf8mb4 COLLATE=utf8mb4_unicode_ci;

--
-- Đang đổ dữ liệu cho bảng `tacgia`
--

INSERT INTO `tacgia` (`ma_tgia`, `ten_tgia`, `hinh_tgia`) VALUES
(1, 'Nhacvietplus', NULL),
(2, 'Sưu tầm', NULL),
(3, 'Sandy', NULL),
(4, 'Lê Trung Ngân', NULL),
(5, 'Khánh Ngọc', NULL),
(6, 'Night Stalker', NULL),
(7, 'Phạm Phương Anh', NULL),
(8, 'Tâm tình', NULL);

-- --------------------------------------------------------

--
-- Cấu trúc bảng cho bảng `theloai`
--

CREATE TABLE `theloai` (
  `ma_tloai` int(10) UNSIGNED NOT NULL,
  `ten_tloai` varchar(50) NOT NULL
) ENGINE=InnoDB DEFAULT CHARSET=utf8mb4 COLLATE=utf8mb4_unicode_ci;

--
-- Đang đổ dữ liệu cho bảng `theloai`
--

INSERT INTO `theloai` (`ma_tloai`, `ten_tloai`) VALUES
(1, 'Nhạc trẻ'),
(2, 'Nhạc trữ tình'),
(3, 'Nhạc cách mạng'),
(4, 'Nhạc thiếu nhi'),
(5, 'Nhạc quê hương'),
(6, 'POP'),
(7, 'Rock'),
(8, 'R&B');

-- --------------------------------------------------------

--
-- Cấu trúc đóng vai cho view `vw_music`
-- (See below for the actual view)
--
CREATE TABLE `vw_music` (
`ma_bviet` int(10) unsigned
,`tieude` varchar(200)
,`ten_bhat` varchar(100)
,`tomtat` text
,`noidung` text
,`ngayviet` datetime
,`hinhanh` varchar(200)
,`ten_tloai` varchar(50)
,`ten_tgia` varchar(100)
);

-- --------------------------------------------------------

--
-- Cấu trúc cho view `vw_music`
--
DROP TABLE IF EXISTS `vw_music`;

CREATE ALGORITHM=UNDEFINED DEFINER=`root`@`localhost` SQL SECURITY DEFINER VIEW `vw_music`  AS SELECT `baiviet`.`ma_bviet` AS `ma_bviet`, `baiviet`.`tieude` AS `tieude`, `baiviet`.`ten_bhat` AS `ten_bhat`, `baiviet`.`tomtat` AS `tomtat`, `baiviet`.`noidung` AS `noidung`, `baiviet`.`ngayviet` AS `ngayviet`, `baiviet`.`hinhanh` AS `hinhanh`, `theloai`.`ten_tloai` AS `ten_tloai`, `tacgia`.`ten_tgia` AS `ten_tgia` FROM ((`baiviet` join `theloai` on(`baiviet`.`ma_tloai` = `theloai`.`ma_tloai`)) join `tacgia` on(`baiviet`.`ma_tgia` = `tacgia`.`ma_tgia`))  ;

--
-- Chỉ mục cho các bảng đã đổ
--

--
-- Chỉ mục cho bảng `baiviet`
--
ALTER TABLE `baiviet`
  ADD PRIMARY KEY (`ma_bviet`),
  ADD KEY `ma_tloai` (`ma_tloai`),
  ADD KEY `ma_tgia` (`ma_tgia`);

--
-- Chỉ mục cho bảng `tacgia`
--
ALTER TABLE `tacgia`
  ADD PRIMARY KEY (`ma_tgia`);

--
-- Chỉ mục cho bảng `theloai`
--
ALTER TABLE `theloai`
  ADD PRIMARY KEY (`ma_tloai`);

--
-- Các ràng buộc cho các bảng đã đổ
--

--
-- Các ràng buộc cho bảng `baiviet`
--
ALTER TABLE `baiviet`
  ADD CONSTRAINT `baiviet_ibfk_1` FOREIGN KEY (`ma_tloai`) REFERENCES `theloai` (`ma_tloai`),
  ADD CONSTRAINT `baiviet_ibfk_2` FOREIGN KEY (`ma_tgia`) REFERENCES `tacgia` (`ma_tgia`);
COMMIT;

/*!40101 SET CHARACTER_SET_CLIENT=@OLD_CHARACTER_SET_CLIENT */;
/*!40101 SET CHARACTER_SET_RESULTS=@OLD_CHARACTER_SET_RESULTS */;
/*!40101 SET COLLATION_CONNECTION=@OLD_COLLATION_CONNECTION */;
